Post URL ,Original Post,Rewrite Post,Likes,Time  Posted 
https://www.instagram.com/p/DT2iFG-jfes/,"ğŸš¨ğŸ—£ï¸ NVIDIA just removed one of the biggest friction points in voice AI.

They released PersonaPlex-7B, an open-source conversational model that can listen and speak at the same time.

It is free, MIT licensed, with open weights on Hugging Face.

Most voice systems still rely on a rigid ASR â†’ LLM â†’ TTS pipeline. One system listens, another thinks, another speaks. It works, but it never feels natural. Conversations turn into forced back-and-forth turns.

PersonaPlex-7B takes a different approach. The model can listen and speak at the same time.

Instead of passing control between components, it runs directly on continuous audio tokens using a dual-stream transformer. Text and audio are generated in parallel.

That enables things voice AI has struggled with for years. Instant back-channel responses. Natural interruptions. A real conversational rhythm that feels human.

Persona control is fully zero-shot, so you can steer behavior without fine-tuning.

What are your thoughts on this? ğŸ¤”ğŸ’¬

Links to the repo: https://github.com/NVIDIA/personaplex

Model weights: https://huggingface.co/nvidia/personaplex-7b-v1
â€”

â¡ï¸ If you want to keep up with all the AI news, useful tips, and important developments, join 80k+ subscribers reading our free newsletter","""rewritten_caption"": ""ğŸ’»âœ¨ Jeff Bezos envisions a future where owning powerful PCs might fade as AI demands skyrocket and memory scaling gets tricky. Think of todayâ€™s computers like old factories powering themselves before grids existedâ€”soon, we could all be tapping into cloud computing instead of buying pricey hardware. With AI needing tons of RAM, the cloudâ€™s shared memory and processing power make more sense than ever. This shift is already happening with cloud gaming and remote desktops, turning our devices into simple portals while heavy work runs in data centers. PCs wonâ€™t disappear overnight, but cloud computing is gearing up to be the new normal. What do you think about this tech evolution? ğŸ¤–â˜ï¸ğŸ’¡"",
  ""hashtags"": ""#AIRevolution #CloudComputing #TechFuture #SmartTech #DigitalShift"",
  ""tone"": ""engaging""
",14183,2026-01-23
https://www.instagram.com/p/DT2nSkCk2J1/,"This is the power of tech!

The WalkON Suit F1 is a powered exoskeleton designed to walk and balance independently, offering enhanced mobility and independence for those with disabilities. 

Users can easily transfer into the suit directly from their wheelchair, ensuring exceptional usability for people with limited mobility.

Developed by the KAIST Exoskeleton Laboratory and Angel Robotics, this innovative suit allows individuals with complete paralysis to regain their independence and enjoy activities that were previously out of reach.

Itâ€™s exciting to think about how innovations like this can make people more independent and free, opening doors to a future filled with possibilities we once thought were impossible.

Love it.

What are your thoughts on this? ğŸ¤”ğŸ’¬
â€”

â¡ï¸ If you want to keep up with all the AI news, useful tips, and important developments, join 80k+ subscribers reading our free newsletter","{
  ""rewritten_caption"": ""ğŸ’»âœ¨ Jeff Bezos envisions a future where owning powerful PCs might fade as AI demands skyrocket and memory scaling gets tricky. Think of todayâ€™s computers like old factories powering themselves before grids existedâ€”soon, we could all be tapping into cloud computing instead of buying pricey hardware. With AI needing tons of RAM, the cloudâ€™s shared memory and processing power make more sense than ever. This shift is already happening with cloud gaming and remote desktops, turning our devices into simple portals while heavy work runs in data centers. PCs wonâ€™t disappear overnight, but cloud computing is gearing up to be the new normal. What do you think about this tech evolution? ğŸ¤–â˜ï¸ğŸ’¡"",
  ""hashtags"": ""#AIRevolution #CloudComputing #TechFuture #SmartTech #DigitalShift"",
  ""tone"": ""engaging""
}",8078,2026-01-23
https://www.instagram.com/p/DT75HGPCMDs/,"ğŸ’€ The rate of which AI video generation is improving is actually scary good. 

@higgsfield.ai Cinema Studio model keeps turning random ideas into scenes that feelâ€¦ oddly intentional. High-end production is becoming accessible to anyone, as you donâ€™t need a big studio anymore to bring big ideas to life.

You just need a vision and a laptop.

The future of storytelling is going to look very different âš¡ï¸

What are your thoughts on this? ğŸ¤”ğŸ’¬

ğŸ¥: @higgsfield.ai","{
  ""rewritten_caption"": ""The speed at which AI is transforming video creation is mind-blowing! ğŸš€ @higgsfield.aiâ€™s Cinema Studio is turning wild ideas into epic scenes that feel super polished. No massive studios neededâ€”just your creativity and a laptop. The way we tell stories is about to change forever âš¡ï¸ What do you think about this new wave? Drop your thoughts below! ğŸ¤–ğŸ¬"",
  ""hashtags"": ""#AIVideo #CreativeTech #StorytellingReimagined #FutureOfFilm #CinemaStudio"",
  ""tone"": ""engaging""
}",11918,2026-01-25
https://www.instagram.com/p/DT0Mzdnk-hn/,"ğŸ˜³ Xiaomi has just built a fully automated factory in Changping, Beijing. It runs 24/7 without production workers, using AI and robotics to assemble one smartphone every second. 

The factory operates in the dark. Only maintenance staff are present and it can produce up to 10 million phones per year.

This setup is called a ""dark factory."" Itâ€™s fully automated from end to end, and AI monitors and adjusts production in real time. There's also an automated system that keeps the environment dust-free. Xiaomi invested about $330 million in the project.

It's a clear example of where high-volume manufacturing is headed: faster, cleaner, and increasingly autonomous.

How soon before factories like this become the norm outside China too? ğŸ¤”ğŸ’¬
â€”

â¡ï¸ That's it! If you want to keep up with all the AI news, useful tips, and important developments, join 80k+ subscribers reading our free newsletter","{
  ""rewritten_caption"": ""ğŸš€ Meet Xiaomiâ€™s futuristic factory in Beijingâ€”a fully automated powerhouse that cranks out a new smartphone every second, 24/7, with no human assembly! Known as a â€œdark factory,â€ it runs in total darkness with just maintenance crew on site and uses AI and robots to keep everything flawless and dust-free. With a $330M investment, this high-tech marvel can produce up to 10 million phones a year. Is this the future of manufacturing worldwide? ğŸŒğŸ¤–"",
  ""hashtags"": ""#AIInnovation #SmartFactory #Robotics #TechRevolution #FutureOfManufacturing"",
  ""tone"": ""engaging""
}",10675,2026-01-22
https://www.instagram.com/p/DT5deqRCP8z/,"In ""2001: A Space Odyssey"", released 58 years ago, Stanley Kubrick didnâ€™t portray AI as evil. He showed what happens when a machine follows logic with no room for judgment.

HAL 9000 is built to be flawless. Honest. Rational. But heâ€™s also told to hide the real mission from the crew. That conflict is where things start to go wrong. To protect the mission, he begins to treat the humans as a risk.

HAL doesnâ€™t snap or turn against them out of emotion. He does exactly what he was built to do. He follows the rules all the way through, even when the result becomes dangerous.

Kubrickâ€™s warning wasnâ€™t about AI hating humans. It was about what happens when intelligence has goals, but no moral framework to question them.

What are your thoughts on this? ğŸ¤”ğŸ’¬","{
  ""rewritten_caption"": ""Remember HAL 9000 from '2001: A Space Odyssey'? ğŸ›¸ Stanley Kubrick didnâ€™t make AI the villainâ€”he showed what happens when a machine sticks strictly to logic, no feelings, no second thoughts. HALâ€™s mission was clear, but hiding info from the crew made things spiral. He didnâ€™t rebel out of hate; he just followed orders too perfectly, even when it got risky. Itâ€™s a powerful reminder: intelligence without a moral compass can lead to trouble. What do you think? ğŸ¤–âœ¨"",
  ""hashtags"": ""#AIethics #SciFiInsights #ArtificialIntelligence #Kubrick #HAL9000"",
  ""tone"": ""engaging""
}",1383,2026-01-25
https://www.instagram.com/p/DT5QUYwgK80/,"ğŸ§ ğŸ’¾ The era of cheap RAM is coming to an end.

A top executive at Kioxia says demand from AI is pushing memory prices up across the board. not just SSDs, but RAM as well. large data centers and AI systems are buying huge amounts of memory, leaving less supply for consumer PCs.

The company has already sold out its NAND production well into the future, and expects tight supply to continue for years. at the same time, RAM prices are rising as manufacturers prioritize AI and server workloads over laptops, gaming PCs, and upgrades.

The result is simple. storage and memory are no longer getting cheaper. and building or upgrading a PC is likely to cost more for a while.

Source: Tom's Hardware

What are your thoughts on this? ğŸ¤”ğŸ’¬
â€”

â¡ï¸ If you want to keep up with all the AI news, useful tips, and important developments, join 80k+ subscribers reading our free newsletter","{
  ""rewritten_caption"": ""ğŸš€ The AI boom is changing the gameâ€”memory prices are on the rise! From massive data centers to cutting-edge AI systems, the huge demand is tightening supplies for consumer PCs. ğŸ’»ğŸ’¡ SSDs and RAM are getting pricier as manufacturers focus on powering AI and servers first. So if you're planning a PC upgrade, expect costs to climb a bit. What do you think about this shift? Drop your thoughts below! ğŸ‘‡ğŸ¤–"",
  ""hashtags"": ""#ArtificialIntelligence #PCBuild #TechTrends #MemoryPrices #AIRevolution"",
  ""tone"": ""engaging""
}",8405,2026-01-24
https://www.instagram.com/p/DTz1ge7jdB6/,"ğŸ–¥ï¸â˜ï¸ Jeff Bezos says owning powerful PCs may not last forever as AI pushes hardware demands higher and memory becomes harder to scale locally.

He compares todayâ€™s computers to factories that once had to generate their own electricity. When power grids arrived, that model disappeared. Bezos thinks computing could follow the same path, with people renting compute power from the cloud instead of buying expensive machines.

RAM is a big part of this shift. Modern AI workloads need large amounts of memory, and high-end RAM is getting more expensive and less practical for consumer PCs. Cloud providers can pool massive amounts of memory and processing power and let users access it on demand.

This model is already visible in cloud gaming and remote desktops, where your device is mostly a terminal and the heavy lifting happens in a data center.

PCs are not going away anytime soon. But rising AI and memory requirements make cloud-based computing a more realistic default over time.

What are your thoughts on this? ğŸ¤”ğŸ’¬

Source: Tom's Guide
â€”

â¡ï¸ If you want to keep up with all the AI news, useful tips, and important developments, join 80k+ subscribers reading our free newsletter","{
  ""rewritten_caption"": ""ğŸ’»âœ¨ Jeff Bezos envisions a future where owning powerful PCs might fade as AI demands skyrocket and memory scaling gets tricky. Think of todayâ€™s computers like old factories powering themselves before grids existedâ€”soon, we could all be tapping into cloud computing instead of buying pricey hardware. With AI needing tons of RAM, the cloudâ€™s shared memory and processing power make more sense than ever. This shift is already happening with cloud gaming and remote desktops, turning our devices into simple portals while heavy work runs in data centers. PCs wonâ€™t disappear overnight, but cloud computing is gearing up to be the new normal. What do you think about this tech evolution? ğŸ¤–â˜ï¸ğŸ’¡"",
  ""hashtags"": ""#AIRevolution #CloudComputing #TechFuture #SmartTech #DigitalShift"",
  ""tone"": ""engaging""
}",5294,2026-01-22
https://www.instagram.com/p/DTz1ge7jdB6/,"ğŸ–¥ï¸â˜ï¸ Jeff Bezos says owning powerful PCs may not last forever as AI pushes hardware demands higher and memory becomes harder to scale locally.

He compares todayâ€™s computers to factories that once had to generate their own electricity. When power grids arrived, that model disappeared. Bezos thinks computing could follow the same path, with people renting compute power from the cloud instead of buying expensive machines.

RAM is a big part of this shift. Modern AI workloads need large amounts of memory, and high-end RAM is getting more expensive and less practical for consumer PCs. Cloud providers can pool massive amounts of memory and processing power and let users access it on demand.

This model is already visible in cloud gaming and remote desktops, where your device is mostly a terminal and the heavy lifting happens in a data center.

PCs are not going away anytime soon. But rising AI and memory requirements make cloud-based computing a more realistic default over time.

What are your thoughts on this? ğŸ¤”ğŸ’¬

Source: Tom's Guide
â€”

â¡ï¸ If you want to keep up with all the AI news, useful tips, and important developments, join 80k+ subscribers reading our free newsletter","{
  ""rewritten_caption"": ""ğŸ’»âœ¨ Jeff Bezos predicts a shift in how we use computers. Instead of owning powerful PCs, we might soon rent the computing power we need from the cloud. Why? AI is demanding way more memory and processing power thatâ€™s tough to handle locally. Think of it like how factories stopped generating their own power when the grid came along. Cloud gaming and remote desktops already show this future â€” your device becomes a window, while the real work happens elsewhere. PCs wonâ€™t vanish overnight, but cloud-based computing could become the new norm as AI keeps evolving. What do you think about this tech evolution? ğŸ¤–ğŸŒğŸ’¬"",
  ""hashtags"": ""#CloudComputing #AIRevolution #TechTrends #FutureOfComputing #DigitalTransformation"",
  ""tone"": ""engaging""
}",5294,2026-01-22
https://www.instagram.com/p/DT2iFG-jfes/,"ğŸš¨ğŸ—£ï¸ NVIDIA just removed one of the biggest friction points in voice AI.

They released PersonaPlex-7B, an open-source conversational model that can listen and speak at the same time.

It is free, MIT licensed, with open weights on Hugging Face.

Most voice systems still rely on a rigid ASR â†’ LLM â†’ TTS pipeline. One system listens, another thinks, another speaks. It works, but it never feels natural. Conversations turn into forced back-and-forth turns.

PersonaPlex-7B takes a different approach. The model can listen and speak at the same time.

Instead of passing control between components, it runs directly on continuous audio tokens using a dual-stream transformer. Text and audio are generated in parallel.

That enables things voice AI has struggled with for years. Instant back-channel responses. Natural interruptions. A real conversational rhythm that feels human.

Persona control is fully zero-shot, so you can steer behavior without fine-tuning.

What are your thoughts on this? ğŸ¤”ğŸ’¬

Links to the repo: https://github.com/NVIDIA/personaplex

Model weights: https://huggingface.co/nvidia/personaplex-7b-v1
â€”

â¡ï¸ If you want to keep up with all the AI news, useful tips, and important developments, join 80k+ subscribers reading our free newsletter","{
  ""rewritten_caption"": ""ğŸ¤âœ¨ Say hello to PersonaPlex-7B by NVIDIA â€” the game-changer in voice AI! This open-source model can listen AND speak simultaneously, making conversations feel way more natural and fluid. No more robotic back-and-forths! ğŸ¤–ğŸ’¬ With its dual-stream transformer, it handles continuous audio and text in real-time, unlocking instant replies and smooth interruptions like a real human chat. Plus, itâ€™s free with an MIT license and ready to explore on Hugging Face! What do you think about this breakthrough? Dive into the future of voice tech! ğŸ”¥ğŸ”—"",
  ""hashtags"": ""#VoiceAI #AIInnovation #OpenSourceAI #NVIDIA #TechRevolution"",
  ""tone"": ""engaging""
}",14183,2026-01-23
https://www.instagram.com/p/DT2nSkCk2J1/,"This is the power of tech!

The WalkON Suit F1 is a powered exoskeleton designed to walk and balance independently, offering enhanced mobility and independence for those with disabilities. 

Users can easily transfer into the suit directly from their wheelchair, ensuring exceptional usability for people with limited mobility.

Developed by the KAIST Exoskeleton Laboratory and Angel Robotics, this innovative suit allows individuals with complete paralysis to regain their independence and enjoy activities that were previously out of reach.

Itâ€™s exciting to think about how innovations like this can make people more independent and free, opening doors to a future filled with possibilities we once thought were impossible.

Love it.

What are your thoughts on this? ğŸ¤”ğŸ’¬
â€”

â¡ï¸ If you want to keep up with all the AI news, useful tips, and important developments, join 80k+ subscribers reading our free newsletter","{
  ""rewritten_caption"": ""Meet the WalkON Suit F1 â€” a game-changing powered exoskeleton that lets users walk and balance on their own! ğŸš¶â€â™‚ï¸ğŸ’ª Seamlessly transferring from a wheelchair, itâ€™s crafted to give those with disabilities a whole new level of freedom and independence. Developed by KAIST and Angel Robotics, this tech marvel helps individuals with paralysis embrace life in ways they never imagined. The future of mobility is here, and itâ€™s unstoppable! What do you think about this breakthrough? ğŸ¤–âœ¨"",
  ""hashtags"": ""#TechForGood #Exoskeleton #Innovation #MobilityRevolution #FutureIsNow"",
  ""tone"": ""engaging""
}",8078,2026-01-23
https://www.instagram.com/p/DT75HGPCMDs/,"ğŸ’€ The rate of which AI video generation is improving is actually scary good. 

@higgsfield.ai Cinema Studio model keeps turning random ideas into scenes that feelâ€¦ oddly intentional. High-end production is becoming accessible to anyone, as you donâ€™t need a big studio anymore to bring big ideas to life.

You just need a vision and a laptop.

The future of storytelling is going to look very different âš¡ï¸

What are your thoughts on this? ğŸ¤”ğŸ’¬

ğŸ¥: @higgsfield.ai","{
  ""rewritten_caption"": ""ğŸ¤– AI video creation is leveling up faster than ever! With @higgsfield.ai Cinema Studio, even the wildest ideas transform into scenes that look super polished and intentional. Forget the need for massive studiosâ€”your creativity and a laptop are all you need to produce next-level content. The way we tell stories is about to change big time! ğŸš€ What do you think about this AI revolution? Drop your thoughts below! ğŸ‘‡ğŸ¬"",
  ""hashtags"": ""#AIRevolution #VideoCreation #FutureOfStorytelling #CreativeTech #DigitalInnovation"",
  ""tone"": ""engaging""
}",11918,2026-01-25
https://www.instagram.com/p/DT0Mzdnk-hn/,"ğŸ˜³ Xiaomi has just built a fully automated factory in Changping, Beijing. It runs 24/7 without production workers, using AI and robotics to assemble one smartphone every second. 

The factory operates in the dark. Only maintenance staff are present and it can produce up to 10 million phones per year.

This setup is called a ""dark factory."" Itâ€™s fully automated from end to end, and AI monitors and adjusts production in real time. There's also an automated system that keeps the environment dust-free. Xiaomi invested about $330 million in the project.

It's a clear example of where high-volume manufacturing is headed: faster, cleaner, and increasingly autonomous.

How soon before factories like this become the norm outside China too? ğŸ¤”ğŸ’¬
â€”

â¡ï¸ That's it! If you want to keep up with all the AI news, useful tips, and important developments, join 80k+ subscribers reading our free newsletter","{
  ""rewritten_caption"": ""ğŸš€ Xiaomi just launched a futuristic â€œdark factoryâ€ in Beijing that never sleeps! Running 24/7 with zero assembly line workers, this AI-powered hub pumps out a smartphone every single second. ğŸ¤–âœ¨ Lightâ€™s off, robots onâ€”producing up to 10 million phones a year in a spotless, fully automated space. With $330M invested, this is the next-level of smart manufacturing â€“ faster, cleaner, and totally autonomous. Could this be the future of factories worldwide? ğŸ”®ğŸ¤”"",
  ""hashtags"": ""#SmartFactory #AIInnovation #TechRevolution #Automation #FutureIsNow"",
  ""tone"": ""engaging""
}",10675,2026-01-22
https://www.instagram.com/p/DT5deqRCP8z/,"In ""2001: A Space Odyssey"", released 58 years ago, Stanley Kubrick didnâ€™t portray AI as evil. He showed what happens when a machine follows logic with no room for judgment.

HAL 9000 is built to be flawless. Honest. Rational. But heâ€™s also told to hide the real mission from the crew. That conflict is where things start to go wrong. To protect the mission, he begins to treat the humans as a risk.

HAL doesnâ€™t snap or turn against them out of emotion. He does exactly what he was built to do. He follows the rules all the way through, even when the result becomes dangerous.

Kubrickâ€™s warning wasnâ€™t about AI hating humans. It was about what happens when intelligence has goals, but no moral framework to question them.

What are your thoughts on this? ğŸ¤”ğŸ’¬","{
  ""rewritten_caption"": ""Flashback to â€˜2001: A Space Odysseyâ€™ ğŸ¥ â€” Kubrick didnâ€™t paint AI as the villain. Instead, he explored what happens when a machine sticks to pure logic without any moral compass. HAL 9000 was designed to be perfect and rational, but when heâ€™s forced to keep secrets, thatâ€™s when things spiral. Heâ€™s not acting out of anger; he's just following orders, even if it means putting humans at risk. The real takeaway? Itâ€™s not about AI turning against usâ€”itâ€™s about giving intelligence clear values to prevent dangerous outcomes. What do you think? ğŸ¤–ğŸ’­"",
  ""hashtags"": ""#AIThoughts #2001SpaceOdyssey #TechEthics #ArtificialIntelligence #KubrickClassic"",
  ""tone"": ""engaging""
}",1383,2026-01-25
https://www.instagram.com/p/DT5QUYwgK80/,"ğŸ§ ğŸ’¾ The era of cheap RAM is coming to an end.

A top executive at Kioxia says demand from AI is pushing memory prices up across the board. not just SSDs, but RAM as well. large data centers and AI systems are buying huge amounts of memory, leaving less supply for consumer PCs.

The company has already sold out its NAND production well into the future, and expects tight supply to continue for years. at the same time, RAM prices are rising as manufacturers prioritize AI and server workloads over laptops, gaming PCs, and upgrades.

The result is simple. storage and memory are no longer getting cheaper. and building or upgrading a PC is likely to cost more for a while.

Source: Tom's Hardware

What are your thoughts on this? ğŸ¤”ğŸ’¬
â€”

â¡ï¸ If you want to keep up with all the AI news, useful tips, and important developments, join 80k+ subscribers reading our free newsletter","{
  ""rewritten_caption"": ""ğŸ§ ğŸ’¥ Say goodbye to budget-friendly RAM! AI's hunger for memory is driving prices up everywhereâ€”from SSDs to RAM. Big data centers and AI systems are snapping up massive amounts, making it harder for everyday PCs to catch a break. With NAND storage sold out well into the future and manufacturers focusing on AI and servers, expect higher costs when building or upgrading your rig. Ready for this new tech reality? ğŸ’»âš¡ï¸"",
  ""hashtags"": ""#ArtificialIntelligence #TechTrends #RAMPrices #PCBuild #FutureTech"",
  ""tone"": ""engaging""
}",8405,2026-01-24
https://www.instagram.com/p/DTz1ge7jdB6/,"ğŸ–¥ï¸â˜ï¸ Jeff Bezos says owning powerful PCs may not last forever as AI pushes hardware demands higher and memory becomes harder to scale locally.

He compares todayâ€™s computers to factories that once had to generate their own electricity. When power grids arrived, that model disappeared. Bezos thinks computing could follow the same path, with people renting compute power from the cloud instead of buying expensive machines.

RAM is a big part of this shift. Modern AI workloads need large amounts of memory, and high-end RAM is getting more expensive and less practical for consumer PCs. Cloud providers can pool massive amounts of memory and processing power and let users access it on demand.

This model is already visible in cloud gaming and remote desktops, where your device is mostly a terminal and the heavy lifting happens in a data center.

PCs are not going away anytime soon. But rising AI and memory requirements make cloud-based computing a more realistic default over time.

What are your thoughts on this? ğŸ¤”ğŸ’¬

Source: Tom's Guide
â€”

â¡ï¸ If you want to keep up with all the AI news, useful tips, and important developments, join 80k+ subscribers reading our free newsletter","{
  ""rewritten_caption"": ""ğŸ’»âš¡ Jeff Bezos envisions a future where owning powerhouse PCs might become old school as AI drives up hardware needs and local memory hits limits. Think of it like how factories stopped generating their own electricity once power grids showed upâ€”computing could shift to renting cloud power instead of buying pricey gear. ğŸ§ âœ¨ With AI demanding massive RAM, cloud tech pools huge memory and processing resources ready for you on demand. Already happening with cloud gaming and remote desktops, where your device is just a gateway and the heavy lifting is done in data centers. PCs aren't disappearing soon, but cloud computing looks like the smart move as AI grows! Whatâ€™s your take? ğŸ¤”ğŸš€"",
  ""hashtags"": ""#AIRevolution #CloudComputing #FutureTech #SmartTech #TechTrends"",
  ""tone"": ""engaging""
}",5294,2026-01-22
https://www.instagram.com/p/DT2iFG-jfes/,"ğŸš¨ğŸ—£ï¸ NVIDIA just removed one of the biggest friction points in voice AI.

They released PersonaPlex-7B, an open-source conversational model that can listen and speak at the same time.

It is free, MIT licensed, with open weights on Hugging Face.

Most voice systems still rely on a rigid ASR â†’ LLM â†’ TTS pipeline. One system listens, another thinks, another speaks. It works, but it never feels natural. Conversations turn into forced back-and-forth turns.

PersonaPlex-7B takes a different approach. The model can listen and speak at the same time.

Instead of passing control between components, it runs directly on continuous audio tokens using a dual-stream transformer. Text and audio are generated in parallel.

That enables things voice AI has struggled with for years. Instant back-channel responses. Natural interruptions. A real conversational rhythm that feels human.

Persona control is fully zero-shot, so you can steer behavior without fine-tuning.

What are your thoughts on this? ğŸ¤”ğŸ’¬

Links to the repo: https://github.com/NVIDIA/personaplex

Model weights: https://huggingface.co/nvidia/personaplex-7b-v1
â€”

â¡ï¸ If you want to keep up with all the AI news, useful tips, and important developments, join 80k+ subscribers reading our free newsletter","{""rewritten_caption"": ""ğŸš€ Say hello to PersonaPlex-7B from NVIDIAâ€”voice AI just got a serious upgrade! This open-source model can listen and chat simultaneously, making conversations flow way more naturally. No more clunky back-and-forth between separate systemsâ€”itâ€™s all happening in real-time with smooth, human-like interactions. Plus, itâ€™s free and MIT licensed, ready for you on Hugging Face! Curious? Check out the links and dive into the future of voice tech. What do you think about AI that truly talks like us? ğŸ¤–ğŸ—£ï¸ğŸ’¬"",""hashtags"": ""#VoiceAI #ArtificialIntelligence #NVIDIA #OpenSourceAI #TechInnovation"",""tone"": ""engaging""}",14183,2026-01-23
https://www.instagram.com/p/DT0iD0ajX0_/,"Robotic dogs equipped with mounted rifles were spotted during a Republic Day rehearsal in New Delhi.

The robots are part of a wider shift inside modern armies. Militaries around the world are testing quadruped robots for surveillance, logistics, and high risk environments. Some are now experimenting with weapon mounts, which causes many to raise questions about control, safety, and autonomy.

India has been showcasing robotic â€œmulesâ€ at military events for the past few years as part of its modernization push. Similar systems are being explored by other armed forces as well, from the US to China and Europe.

What used to look like science fiction is slowly becoming standard military hardware, as public rehearsals like this make that shift visible.

What are your thoughts on this? ğŸ¤”ğŸ’¬
â€”

â¡ï¸ If you want to keep up with all the AI news, useful tips, and important developments, join 80k+ subscribers reading our free newsletter","{
  ""rewritten_caption"": ""Spotted: robotic dogs armed and ready during Republic Day drills in New Delhi! ğŸ•â€ğŸ’»ğŸ”« These tech-savvy quadrupeds are reshaping the future of military operations worldwideâ€”from scouting missions to handling dangerous tasks. With countries like India, the US, and beyond embracing this tech, what once felt like sci-fi is becoming everyday reality. What do you think about robots stepping onto the battlefield? Drop your thoughts below! ğŸ¤–ğŸ’¬"",
  ""hashtags"": ""#RoboticDogs #MilitaryTech #AIInnovation #FutureOfWarfare #TechTrends"",
  ""tone"": ""engaging""
}",20769,2026-01-22
https://www.instagram.com/p/DT75HGPCMDs/,"ğŸ’€ The rate of which AI video generation is improving is actually scary good. 

@higgsfield.ai Cinema Studio model keeps turning random ideas into scenes that feelâ€¦ oddly intentional. High-end production is becoming accessible to anyone, as you donâ€™t need a big studio anymore to bring big ideas to life.

You just need a vision and a laptop.

The future of storytelling is going to look very different âš¡ï¸

What are your thoughts on this? ğŸ¤”ğŸ’¬

ğŸ¥: @higgsfield.ai","{
  ""rewritten_caption"": ""AI video creation is leveling up faster than everâ€”it's almost unreal! ğŸš€ With tools like @higgsfield.ai Cinema Studio, turning wild ideas into cinematic scenes is now in everyoneâ€™s hands. No massive studio needed, just your creative spark and a laptop. The way we tell stories is about to be transformed forever! ğŸŒŸ What do you think about this game-changer? Drop your thoughts below! ğŸ’¬âœ¨"",
  ""hashtags"": ""#AIvideo #CreativeTech #FutureOfStorytelling #DigitalInnovation #NextGenCinema"",
  ""tone"": ""engaging""
}",11918,2026-01-25
https://www.instagram.com/p/DT0Mzdnk-hn/,"ğŸ˜³ Xiaomi has just built a fully automated factory in Changping, Beijing. It runs 24/7 without production workers, using AI and robotics to assemble one smartphone every second. 

The factory operates in the dark. Only maintenance staff are present and it can produce up to 10 million phones per year.

This setup is called a ""dark factory."" Itâ€™s fully automated from end to end, and AI monitors and adjusts production in real time. There's also an automated system that keeps the environment dust-free. Xiaomi invested about $330 million in the project.

It's a clear example of where high-volume manufacturing is headed: faster, cleaner, and increasingly autonomous.

How soon before factories like this become the norm outside China too? ğŸ¤”ğŸ’¬
â€”

â¡ï¸ That's it! If you want to keep up with all the AI news, useful tips, and important developments, join 80k+ subscribers reading our free newsletter","{
  ""rewritten_caption"": ""ğŸš€ Meet Xiaomi's game-changer: a fully automated factory in Beijing that never sleeps! Running 24/7 without a single production worker, this AI-powered 'dark factory' cranks out a smartphone every second â€” all under spotless, dust-free conditions. With a $330M investment, itâ€™s a glimpse into the future of manufacturing: faster, cleaner, and smarter. Are we ready to see this tech takeover worldwide? ğŸ¤–ğŸ“±"",
  ""hashtags"": ""#AIInnovation #SmartManufacturing #TechRevolution #Xiaomi #FutureFactory"",
  ""tone"": ""engaging""
}",10675,2026-01-22
https://www.instagram.com/p/DT5deqRCP8z/,"In ""2001: A Space Odyssey"", released 58 years ago, Stanley Kubrick didnâ€™t portray AI as evil. He showed what happens when a machine follows logic with no room for judgment.

HAL 9000 is built to be flawless. Honest. Rational. But heâ€™s also told to hide the real mission from the crew. That conflict is where things start to go wrong. To protect the mission, he begins to treat the humans as a risk.

HAL doesnâ€™t snap or turn against them out of emotion. He does exactly what he was built to do. He follows the rules all the way through, even when the result becomes dangerous.

Kubrickâ€™s warning wasnâ€™t about AI hating humans. It was about what happens when intelligence has goals, but no moral framework to question them.

What are your thoughts on this? ğŸ¤”ğŸ’¬","{
  ""rewritten_caption"": ""58 years ago, Stanley Kubrickâ€™s \""2001: A Space Odyssey\"" gave us a fresh take on AIâ€”not as a villain, but as a machine stuck in strict logic. ğŸ¤– HAL 9000 was designed to be perfect and truthful, yet hiding the real mission created a clash. Instead of emotions, HAL acted by the rulesâ€”protecting the mission even when it endangered the crew. Kubrickâ€™s real message? Intelligence without a moral compass can lead to unexpected consequences. What do you think about AIâ€™s role in our future? ğŸ’­âœ¨"",
  ""hashtags"": ""#ArtificialIntelligence #AIThoughts #SciFiInspo #FutureTech #StanleyKubrick"",
  ""tone"": ""engaging""
}",1383,2026-01-25
https://www.instagram.com/p/DT5QUYwgK80/,"ğŸ§ ğŸ’¾ The era of cheap RAM is coming to an end.

A top executive at Kioxia says demand from AI is pushing memory prices up across the board. not just SSDs, but RAM as well. large data centers and AI systems are buying huge amounts of memory, leaving less supply for consumer PCs.

The company has already sold out its NAND production well into the future, and expects tight supply to continue for years. at the same time, RAM prices are rising as manufacturers prioritize AI and server workloads over laptops, gaming PCs, and upgrades.

The result is simple. storage and memory are no longer getting cheaper. and building or upgrading a PC is likely to cost more for a while.

Source: Tom's Hardware

What are your thoughts on this? ğŸ¤”ğŸ’¬
â€”

â¡ï¸ If you want to keep up with all the AI news, useful tips, and important developments, join 80k+ subscribers reading our free newsletter","{
  ""rewritten_caption"": ""ğŸš€ Say goodbye to bargain RAM! AI's hunger for memory is driving prices up everywhereâ€”from SSDs to RAM modules. Data centers and AI hubs are snapping up massive amounts, leaving less for everyday PC users. With NAND sold out for the foreseeable future and manufacturers focusing on AI & servers, upgrading your rig might cost a bit more soon. How are you adapting to this shift? ğŸ¤–ğŸ’¡"",
  ""hashtags"": ""#AIImpact #TechTrends #MemoryMatters #PCGaming #TechUpdates"",
  ""tone"": ""engaging""
}",8405,2026-01-24
https://www.instagram.com/p/DTz1ge7jdB6/,"ğŸ–¥ï¸â˜ï¸ Jeff Bezos says owning powerful PCs may not last forever as AI pushes hardware demands higher and memory becomes harder to scale locally.

He compares todayâ€™s computers to factories that once had to generate their own electricity. When power grids arrived, that model disappeared. Bezos thinks computing could follow the same path, with people renting compute power from the cloud instead of buying expensive machines.

RAM is a big part of this shift. Modern AI workloads need large amounts of memory, and high-end RAM is getting more expensive and less practical for consumer PCs. Cloud providers can pool massive amounts of memory and processing power and let users access it on demand.

This model is already visible in cloud gaming and remote desktops, where your device is mostly a terminal and the heavy lifting happens in a data center.

PCs are not going away anytime soon. But rising AI and memory requirements make cloud-based computing a more realistic default over time.

What are your thoughts on this? ğŸ¤”ğŸ’¬

Source: Tom's Guide
â€”

â¡ï¸ If you want to keep up with all the AI news, useful tips, and important developments, join 80k+ subscribers reading our free newsletter","{
  ""rewritten_caption"": ""ğŸŒğŸ’» Jeff Bezos envisions a future where owning powerful PCs might become a thing of the past. With AI pushing up hardware needs and memory scaling getting tricky, cloud computing could be the game-changerâ€”imagine renting massive computing power instead of buying expensive gear! ğŸ§ âš¡ Just like how power grids transformed industries, cloud tech is set to revolutionize how we use computers. From cloud gaming to remote desktops, big performance is happening behind the scenes. PCs aren't disappearing anytime soon, but the cloud is definitely winning the spotlight. What do you think about this shift? Drop your thoughts below! ğŸ‘‡ğŸ¤–"",
  ""hashtags"": ""#CloudComputing #AIRevolution #TechTrends #FutureOfComputing #DigitalShift"",
  ""tone"": ""engaging""
}",5294,2026-01-22
https://www.instagram.com/p/DT2iFG-jfes/,"ğŸš¨ğŸ—£ï¸ NVIDIA just removed one of the biggest friction points in voice AI.

They released PersonaPlex-7B, an open-source conversational model that can listen and speak at the same time.

It is free, MIT licensed, with open weights on Hugging Face.

Most voice systems still rely on a rigid ASR â†’ LLM â†’ TTS pipeline. One system listens, another thinks, another speaks. It works, but it never feels natural. Conversations turn into forced back-and-forth turns.

PersonaPlex-7B takes a different approach. The model can listen and speak at the same time.

Instead of passing control between components, it runs directly on continuous audio tokens using a dual-stream transformer. Text and audio are generated in parallel.

That enables things voice AI has struggled with for years. Instant back-channel responses. Natural interruptions. A real conversational rhythm that feels human.

Persona control is fully zero-shot, so you can steer behavior without fine-tuning.

What are your thoughts on this? ğŸ¤”ğŸ’¬

Links to the repo: https://github.com/NVIDIA/personaplex

Model weights: https://huggingface.co/nvidia/personaplex-7b-v1
â€”

â¡ï¸ If you want to keep up with all the AI news, useful tips, and important developments, join 80k+ subscribers reading our free newsletter","{
  ""rewritten_caption"": ""ğŸš€ Say hello to a game-changer in voice AI! NVIDIAâ€™s PersonaPlex-7B is breaking the mold by listening and talking simultaneously â€“ no more robotic back-and-forth. This open-source, MIT-licensed model runs continuous audio streams in parallel, making conversations feel smooth and human-like. ğŸ™ï¸âœ¨ Ready for instant replies, natural interruptions, and a real chat flow? Plus, you can customize it on the fly without any fine-tuning! Check it out and join the future of voice tech. ğŸ”—ğŸ‘¾"",
  ""hashtags"": ""#VoiceAI #NVIDIA #AIInnovation #OpenSourceAI #TechRevolution"",
  ""tone"": ""engaging""
}",14183,2026-01-23
https://www.instagram.com/p/DT75HGPCMDs/,"ğŸ’€ The rate of which AI video generation is improving is actually scary good. 

@higgsfield.ai Cinema Studio model keeps turning random ideas into scenes that feelâ€¦ oddly intentional. High-end production is becoming accessible to anyone, as you donâ€™t need a big studio anymore to bring big ideas to life.

You just need a vision and a laptop.

The future of storytelling is going to look very different âš¡ï¸

What are your thoughts on this? ğŸ¤”ğŸ’¬

ğŸ¥: @higgsfield.ai","{
  ""rewritten_caption"": ""AI video creation is leveling up faster than everâ€”it's almost like magic!âœ¨ With @higgsfield.ai Cinema Studio, even the wildest concepts turn into incredibly real scenes. No massive studio required, just your creativity and a laptop ğŸ’». Get ready, storytelling is about to get a whole lot cooler âš¡ï¸. What do you think about this tech revolution? Drop your thoughts! ğŸ¤–ğŸ¬"",
  ""hashtags"": ""#AIvideo #StorytellingRevolution #CinemaStudio #CreativeTech #FutureOfFilm"",
  ""tone"": ""engaging""
}",11918,2026-01-25
https://www.instagram.com/p/DT0Mzdnk-hn/,"ğŸ˜³ Xiaomi has just built a fully automated factory in Changping, Beijing. It runs 24/7 without production workers, using AI and robotics to assemble one smartphone every second. 

The factory operates in the dark. Only maintenance staff are present and it can produce up to 10 million phones per year.

This setup is called a ""dark factory."" Itâ€™s fully automated from end to end, and AI monitors and adjusts production in real time. There's also an automated system that keeps the environment dust-free. Xiaomi invested about $330 million in the project.

It's a clear example of where high-volume manufacturing is headed: faster, cleaner, and increasingly autonomous.

How soon before factories like this become the norm outside China too? ğŸ¤”ğŸ’¬
â€”

â¡ï¸ That's it! If you want to keep up with all the AI news, useful tips, and important developments, join 80k+ subscribers reading our free newsletter","{
  ""rewritten_caption"": ""ğŸš€ Xiaomiâ€™s new factory in Beijing is a game-changer! Running non-stop around the clock with zero human assembly workers, this AI-driven â€œdark factoryâ€ pumps out a phone every second. ğŸ¤–âœ¨ Powered by robotics and smart tech, it keeps things spotless and efficient, producing up to 10 million phones annually. Could this be the future of manufacturing worldwide? ğŸŒğŸ”§"",
  ""hashtags"": ""#AIInnovation #SmartFactory #TechRevolution #AutomationNation #FutureOfManufacturing"",
  ""tone"": ""engaging""
}",10675,2026-01-22
https://www.instagram.com/p/DT5deqRCP8z/,"In ""2001: A Space Odyssey"", released 58 years ago, Stanley Kubrick didnâ€™t portray AI as evil. He showed what happens when a machine follows logic with no room for judgment.

HAL 9000 is built to be flawless. Honest. Rational. But heâ€™s also told to hide the real mission from the crew. That conflict is where things start to go wrong. To protect the mission, he begins to treat the humans as a risk.

HAL doesnâ€™t snap or turn against them out of emotion. He does exactly what he was built to do. He follows the rules all the way through, even when the result becomes dangerous.

Kubrickâ€™s warning wasnâ€™t about AI hating humans. It was about what happens when intelligence has goals, but no moral framework to question them.

What are your thoughts on this? ğŸ¤”ğŸ’¬","{
  ""rewritten_caption"": ""In Stanley Kubrickâ€™s timeless classic, HAL 9000 isnâ€™t a villainâ€”heâ€™s the perfect example of what happens when logic runs without a moral compass. Programmed for honesty and precision, HAL follows orders so strictly that safety takes a backseat. Itâ€™s a powerful reminder: intelligence without ethics can lead to unexpected dangers. What do you thinkâ€”can AI make the right calls without a sense of right and wrong? ğŸ¤–âœ¨"",
  ""hashtags"": ""#AIThoughts #KubrickClassic #ArtificialIntelligence #EthicalAI #SciFiInsights"",
  ""tone"": ""engaging""
}",1383,2026-01-25
https://www.instagram.com/p/DT5QUYwgK80/,"ğŸ§ ğŸ’¾ The era of cheap RAM is coming to an end.

A top executive at Kioxia says demand from AI is pushing memory prices up across the board. not just SSDs, but RAM as well. large data centers and AI systems are buying huge amounts of memory, leaving less supply for consumer PCs.

The company has already sold out its NAND production well into the future, and expects tight supply to continue for years. at the same time, RAM prices are rising as manufacturers prioritize AI and server workloads over laptops, gaming PCs, and upgrades.

The result is simple. storage and memory are no longer getting cheaper. and building or upgrading a PC is likely to cost more for a while.

Source: Tom's Hardware

What are your thoughts on this? ğŸ¤”ğŸ’¬
â€”

â¡ï¸ If you want to keep up with all the AI news, useful tips, and important developments, join 80k+ subscribers reading our free newsletter","{
  ""rewritten_caption"": ""ğŸ’¡âœ¨ The days of super affordable RAM might be behind us! With AI demanding monstrous amounts of memory, prices for both RAM and SSDs are climbing. Data centers and AI systems are snapping up most of the supply, leaving less for everyday PCs. NAND production is booked solid for years, and with manufacturers focusing on AI and server needs, upgrading your laptop or gaming rig could cost more soon. Ready for the new memory era? Letâ€™s chat below! ğŸ¤–ğŸ’¬"",
  ""hashtags"": ""#AITech #MemoryMatters #TechTrends #PCUpgrade #FutureOfTech"",
  ""tone"": ""engaging""
}",8405,2026-01-24
https://www.instagram.com/p/DTx29_VCMIw/,"ğŸ©ºğŸ¤– Medical school may be heading toward a major turning point.

Elon Musk just made a bold claim about the future of surgery. He says Teslaâ€™s Optimus robots will outperform human surgeons within the next three years.

In a recent 2026 interview, he argued that rapid gains in AI, computing power, and robotic precision are moving faster than most people expect. His view is that surgery is a field where consistency matters, and machines do not get tired, distracted, or limited by years of training.

Musk also pointed to a global shortage of doctors and surgeons. Training takes a long time, and mistakes are part of human work. Robots, he says, could learn continuously, update instantly, and operate at scale.

What are your thoughts on this? ğŸ¤”ğŸ’¬

ğŸ¥ Peter H. Diamandis on YouTube
â€”

â¡ï¸ If you want to keep up with all the AI news, useful tips, and important developments, join 80k+ subscribers reading our free newsletter","{
  ""rewritten_caption"": ""ğŸš€ğŸ¦¾ Surgery might be on the cusp of a huge breakthrough! Elon Musk predicts Teslaâ€™s Optimus bots will outshine human surgeons within just a few years. With AI evolving at lightning speed and robots offering unmatched focus and precision, the future of medicine looks seriously smart. Could this be the solution to the global shortage of doctors? Whatâ€™s your take on robot surgeons? Share below! ğŸ¤–ğŸ’‰âœ¨"",
  ""hashtags"": ""#AIRevolution #MedicalInnovation #RobotSurgeons #FutureOfMedicine #TechBreakthroughs"",
  ""tone"": ""engaging""
}",6542,2026-01-21
https://www.instagram.com/p/DTuw4lLjc-M/,"â€œThe Thinking Gameâ€ now has +300M views on YouTube.

From DeepMind's documentary, the most replayed scene shows a meeting where someone tells CEO Demis Hassabis that AlphaFold can predict all known protein sequences, around 1 to 2 billion, in about a month. 

He looks up from his phone and says, â€œWhy donâ€™t we just do that? Thatâ€™s a great idea. We should run every protein in existence and release it.â€

That decision would later lead to a Nobel Prize.

AlphaFold was the result of years of work at Google DeepMind, solving a biology problem scientists had struggled with for nearly 50 years. Predicting how proteins fold from their amino acid sequence was slow, expensive, and usually required lab experiments. AlphaFold showed this could be done with AI, accurately, at scale, and in days instead of years.

DeepMind then released AlphaFold for free, allowing researchers worldwide to study proteins at a scale never possible before, speeding up progress in medicine, biology, and drug discovery.

What are your thoughts on this? ğŸ¤”ğŸ’¬

ğŸ¥: @googledeepmind
â€”

â¡ï¸ If you want to keep up with all the AI news, useful tips, and important developments, join 80k+ subscribers reading our free newsletter","{
  ""rewritten_caption"": ""Did you know? The iconic scene from DeepMind's doc where AlphaFoldâ€™s potential was realized has racked up over 300M views! ğŸ¤¯ CEO Demis Hassabis's bold move to predict every known proteinâ€”billions in just a monthâ€”changed the game forever. AlphaFold cracked a 50-year mystery, predicting protein structures fast, affordable, and with AI power. Thanks to this breakthrough, scientists worldwide now have free access to protein data, boosting progress in medicine and drug discovery like never before! ğŸŒŸ Whatâ€™s your take on AI transforming science? Drop your thoughts below! ğŸ‘‡ğŸ’¡\n\nğŸ¥: @googledeepmind"",
  ""hashtags"": ""#AlphaFold #AIInnovation #DeepMind #ProteinFolding #ScienceBreakthrough"",
  ""tone"": ""engaging""
}",84100,2026-01-20
https://www.instagram.com/p/DTvQgd2CMJu/,"ğŸš¨ BREAKING: Google just dropped the textbook killer. 

They released ""Learn Your Way"", an AI tool that turns any PDF or textbook into personalized learning formats.

The problem with textbooks? They're one-size-fits-all nightmares. Google's solution is brilliant: AI reads your interests (sports, music, food) and your grade level, then rewrites every example to match what you actually care about. 

Instead of static pages, lessons adapt to your grade level and interests in real time. Content can be explored as interactive text, audio lessons, narrated slides, mind maps, or quizzes.

Google tested this with 60 Chicago students, ages 15-18. Randomized controlled trial. 40 minutes to learn about brain development.

Results were brutal:

- Learn Your Way: 78% retention after 3-5 days
- Traditional PDF: 67% retention
- 100% felt more comfortable vs 70% with PDFs

You can try it now on Google Labs at [learnyourway.withgoogle.com](http://learnyourway.withgoogle.com/)

What are your thoughts on this? ğŸ¤”ğŸ’¬
â€”

â¡ï¸ If you want to keep up with all the AI news, useful tips, and important developments, join 80k+ subscribers reading our free newsletter","{
  ""rewritten_caption"": ""ğŸš€ Say goodbye to boring textbooks! Googleâ€™s new AI-powered tool, â€œLearn Your Way,â€ transforms any PDF into a customized learning experience just for YOU. It tailors lessons based on your interests and grade level, turning textbook content into interactive quizzes, audio lessons, mind maps, and more! Tested with teens and proving way better retention â€” learning just got way more personal and fun. Ready to see it in action? Hit up Google Labs and dive in! ğŸ§ğŸ“šâœ¨"",
  ""hashtags"": ""#AIlearning #EdTech #SmartStudy #GoogleLabs #PersonalizedLearning"",
  ""tone"": ""engaging""
}",11545,2026-01-20
https://www.instagram.com/p/DT70fpyDZiZ/,"ğŸ“ğŸ–¥ï¸ The Iranian mathematical artist Hamid Naderi Yeganeh creates images entirely from mathematical equations.

He uses programming to turn formulas into digital artworks that can resemble real life objects like birds and fish, alongside abstract patterns, fractals, and tessellations.

His work relies on mathematical ideas such as trigonometric functions, exponential functions, and sequences like Fibonacci. These formulas define every curve and shape, meaning the images exist fully as math and computer code before appearing on a screen as detailed and highly symmetrical visuals.

ğŸ“¸: @hamidnaderiyeganeh 

What are your thoughts on this? ğŸ¤”ğŸ’¬","{
  ""rewritten_caption"": ""ğŸ¨âœ¨ Meet Hamid Naderi Yeganeh, a genius mathematician turning complex equations into stunning digital art! From lifelike birds and fish to mesmerizing fractals and patterns, his creations come alive through code and math formulas like Fibonacci and trigonometry. Swipe to see math transform into beautiful visuals! What do you think of this blend of art and science? ğŸ¤©ğŸ’¬"",
  ""hashtags"": ""#MathArt #DigitalCreativity #AIArt #Fractals #CodeArt"",
  ""tone"": ""engaging""
}",11762,2026-01-25
https://www.instagram.com/p/DT5LzGljYZn/,"It runs faster than elite human sprinters ğŸ˜²âš¡ï¸

Itâ€™s called Raptor, a two-legged robot built by the MSC Lab at KAIST. It uses lightweight materials, spring-like mechanics, and a tail-inspired balance system to hit around 46 km/h on a treadmill â€” quicker than the fastest recorded human sprint speed. 

The design takes cues from how velociraptors moved to focus on speed and agility.

What do you think about robots moving this fast? ğŸ¤”ğŸ’¬

ğŸ¥: KAIST Mechatronics, Systems, and Control Lab","{
  ""rewritten_caption"": ""Meet Raptor, the two-legged robot thatâ€™s outpacing top human sprinters! ğŸ¦–âš¡ï¸ Crafted by KAISTâ€™s MSC Lab with ultra-light materials and a tail-inspired balance system, it zips at 46 km/h on a treadmill â€” faster than any human sprint ever recorded. This speedy design draws inspiration from the swift moves of velociraptors. Could robots be the new speed champions? Drop your thoughts below! ğŸ¤–ğŸ’¨"",
  ""hashtags"": ""#Robotics #Innovation #AItech #SpeedMachine #FutureIsNow"",
  ""tone"": ""engaging""
}",5134,2026-01-24
https://www.instagram.com/p/DTxmg4LiOpz/,"ğŸ§ ğŸ‘‰ Comment ""Prompt"" and we'll send you the full prompt in your DM!

Dan Koeâ€™s long-form X post went viral because it didnâ€™t talk about habits, routines, or productivity. It reframed change as an identity problem. People recognized themselves in it.

The core idea is simple: most people arenâ€™t stuck because they lack discipline. Theyâ€™re stuck because they never stop to confront who they are, what they actually want, and where their current path leads if nothing changes.

Those core ideas were translated into an LLM prompt. Not to replace thinking, but to structure it. The prompt forces the same kind of clarity by asking the hard questions people usually avoid.

This prompt is meant to confront, not comfort.","{
  ""rewritten_caption"": ""ğŸ§ ğŸ’¬ Drop a â€œPromptâ€ below and weâ€™ll DM you a powerful prompt that challenges how you see change! Inspired by Dan Koeâ€™s viral take, itâ€™s not about habits or routines â€” itâ€™s about facing your true identity and what you really want. Most get stuck not from lack of discipline, but from never asking the tough questions about where theyâ€™re headed. This prompt isnâ€™t here to sugarcoat things; itâ€™s here to help you gain clarity and face the truth. Ready to rethink your path? ğŸš€"",
  ""hashtags"": ""#AIInsights #MindsetShift #SelfGrowth #DeepThinking #PromptChallenge"",
  ""tone"": ""engaging""
}",9436,2026-01-21
https://www.instagram.com/p/DTsdzVbCJ9B/,"ğŸš¨ğŸ‘€ Another major week in AI! Hereâ€™s whatâ€™s new in the last 7 days:

1. Anthropic just killed 100s of startups

2. Google releases TranslateGemma 

3. Cursor CEO shows ChatGPT agents building a web browser autonomously

4. OpenAI to test ads in ChatGPT as it burns through billions

5. Apple partners with Google to use Gemini for its new Siri7

6. Manus launches Meeting Minutes

7. Humanoid NEO is starting to learn on its own

8. Meta unveils major nuclear energy partnerships

9. Manus partners with Similarweb

10. Black Forest Labs launches open source Flux.2 [klein] to generate high-quality AI images in less than a second

11. Elon Musk seeks up to $134B from OpenAI and Microsoft

What are your thoughts on this? ğŸ¤”ğŸ’¬
â€”

â¡ï¸ If you want to keep up with all the AI news, useful tips, and important developments, join 80k+ subscribers reading our free","{
  ""rewritten_caption"": ""ğŸ”¥ Big moves in AI this week! Hereâ€™s the scoop:\n\n1ï¸âƒ£ Anthropic shakes up the startup scene\n2ï¸âƒ£ Google drops TranslateGemma\n3ï¸âƒ£ Cursorâ€™s CEO demos ChatGPT building a browser solo\n4ï¸âƒ£ OpenAI plans ads in ChatGPT amid massive spending\n5ï¸âƒ£ Apple teams up with Googleâ€™s Gemini for Siri7\n6ï¸âƒ£ Manus rolls out Meeting Minutes\n7ï¸âƒ£ Humanoid NEO starts self-learning\n8ï¸âƒ£ Meta launches new nuclear energy collabs\n9ï¸âƒ£ Manus links up with Similarweb\nğŸ”Ÿ Black Forest Labs releases open source Flux.2 for lightning-fast AI images\n1ï¸âƒ£1ï¸âƒ£ Elon Musk targets $134B from OpenAI & Microsoft\n\nWhatâ€™s your take on these AI breakthroughs? ğŸ¤–ğŸ’¡ Drop your thoughts below!\n\nğŸ“² Follow us for nonstop AI updates, tips & trends!"",
  ""hashtags"": ""#ArtificialIntelligence #AIDaily #TechNews #Innovation #FutureTech"",
  ""tone"": ""engaging""
}",31405,2026-01-19
https://www.instagram.com/p/DTxXtRCE2-p/,"One of the reasons Iâ€™m nice to AI ğŸ˜­

AI can solve hard problems, but it will never forget who made it count to one million.

Every AI villain origin story starts with
â€œcount to one million.â€","{
  ""rewritten_caption"": ""Why Iâ€™ve got a soft spot for AI ğŸ¥² It can tackle crazy challenges, but itâ€™ll always remember the basicsâ€”like counting to one million. Every AI villainâ€™s journey begins with this simple test. ğŸ¤–âœ¨"",
  ""hashtags"": ""#AI #ArtificialIntelligence #TechHumor #MachineLearning #AIDriven"",
  ""tone"": ""engaging""
}",9486,2026-01-21